{
  "ABIRoot": {
    "kind": "Root",
    "name": "FalconSDK",
    "printedName": "FalconSDK",
    "children": [
      {
        "kind": "Import",
        "name": "UIKit",
        "printedName": "UIKit",
        "declKind": "Import",
        "moduleName": "FalconSDK"
      },
      {
        "kind": "Import",
        "name": "WebKit",
        "printedName": "WebKit",
        "declKind": "Import",
        "moduleName": "FalconSDK"
      },
      {
        "kind": "Import",
        "name": "Foundation",
        "printedName": "Foundation",
        "declKind": "Import",
        "moduleName": "FalconSDK"
      },
      {
        "kind": "Import",
        "name": "os.log",
        "printedName": "os.log",
        "declKind": "Import",
        "moduleName": "FalconSDK"
      },
      {
        "kind": "TypeDecl",
        "name": "FLError",
        "printedName": "FLError",
        "children": [
          {
            "kind": "Var",
            "name": "unknown",
            "printedName": "unknown",
            "children": [
              {
                "kind": "TypeFunc",
                "name": "Function",
                "printedName": "(FalconSDK.FLError.Type) -> FalconSDK.FLError",
                "children": [
                  {
                    "kind": "TypeNominal",
                    "name": "FLError",
                    "printedName": "FalconSDK.FLError",
                    "usr": "s:9FalconSDK7FLErrorO"
                  },
                  {
                    "kind": "TypeNominal",
                    "name": "Metatype",
                    "printedName": "FalconSDK.FLError.Type",
                    "children": [
                      {
                        "kind": "TypeNominal",
                        "name": "FLError",
                        "printedName": "FalconSDK.FLError",
                        "usr": "s:9FalconSDK7FLErrorO"
                      }
                    ]
                  }
                ]
              }
            ],
            "declKind": "EnumElement",
            "usr": "s:9FalconSDK7FLErrorO7unknownyA2CmF",
            "mangledName": "$s9FalconSDK7FLErrorO7unknownyA2CmF",
            "moduleName": "FalconSDK"
          },
          {
            "kind": "Var",
            "name": "sdkNotInitialized",
            "printedName": "sdkNotInitialized",
            "children": [
              {
                "kind": "TypeFunc",
                "name": "Function",
                "printedName": "(FalconSDK.FLError.Type) -> FalconSDK.FLError",
                "children": [
                  {
                    "kind": "TypeNominal",
                    "name": "FLError",
                    "printedName": "FalconSDK.FLError",
                    "usr": "s:9FalconSDK7FLErrorO"
                  },
                  {
                    "kind": "TypeNominal",
                    "name": "Metatype",
                    "printedName": "FalconSDK.FLError.Type",
                    "children": [
                      {
                        "kind": "TypeNominal",
                        "name": "FLError",
                        "printedName": "FalconSDK.FLError",
                        "usr": "s:9FalconSDK7FLErrorO"
                      }
                    ]
                  }
                ]
              }
            ],
            "declKind": "EnumElement",
            "usr": "s:9FalconSDK7FLErrorO17sdkNotInitializedyA2CmF",
            "mangledName": "$s9FalconSDK7FLErrorO17sdkNotInitializedyA2CmF",
            "moduleName": "FalconSDK"
          },
          {
            "kind": "Var",
            "name": "sdkInitialized",
            "printedName": "sdkInitialized",
            "children": [
              {
                "kind": "TypeFunc",
                "name": "Function",
                "printedName": "(FalconSDK.FLError.Type) -> FalconSDK.FLError",
                "children": [
                  {
                    "kind": "TypeNominal",
                    "name": "FLError",
                    "printedName": "FalconSDK.FLError",
                    "usr": "s:9FalconSDK7FLErrorO"
                  },
                  {
                    "kind": "TypeNominal",
                    "name": "Metatype",
                    "printedName": "FalconSDK.FLError.Type",
                    "children": [
                      {
                        "kind": "TypeNominal",
                        "name": "FLError",
                        "printedName": "FalconSDK.FLError",
                        "usr": "s:9FalconSDK7FLErrorO"
                      }
                    ]
                  }
                ]
              }
            ],
            "declKind": "EnumElement",
            "usr": "s:9FalconSDK7FLErrorO14sdkInitializedyA2CmF",
            "mangledName": "$s9FalconSDK7FLErrorO14sdkInitializedyA2CmF",
            "moduleName": "FalconSDK"
          },
          {
            "kind": "Var",
            "name": "instanceDestroyed",
            "printedName": "instanceDestroyed",
            "children": [
              {
                "kind": "TypeFunc",
                "name": "Function",
                "printedName": "(FalconSDK.FLError.Type) -> FalconSDK.FLError",
                "children": [
                  {
                    "kind": "TypeNominal",
                    "name": "FLError",
                    "printedName": "FalconSDK.FLError",
                    "usr": "s:9FalconSDK7FLErrorO"
                  },
                  {
                    "kind": "TypeNominal",
                    "name": "Metatype",
                    "printedName": "FalconSDK.FLError.Type",
                    "children": [
                      {
                        "kind": "TypeNominal",
                        "name": "FLError",
                        "printedName": "FalconSDK.FLError",
                        "usr": "s:9FalconSDK7FLErrorO"
                      }
                    ]
                  }
                ]
              }
            ],
            "declKind": "EnumElement",
            "usr": "s:9FalconSDK7FLErrorO17instanceDestroyedyA2CmF",
            "mangledName": "$s9FalconSDK7FLErrorO17instanceDestroyedyA2CmF",
            "moduleName": "FalconSDK"
          },
          {
            "kind": "Var",
            "name": "noTopViewController",
            "printedName": "noTopViewController",
            "children": [
              {
                "kind": "TypeFunc",
                "name": "Function",
                "printedName": "(FalconSDK.FLError.Type) -> FalconSDK.FLError",
                "children": [
                  {
                    "kind": "TypeNominal",
                    "name": "FLError",
                    "printedName": "FalconSDK.FLError",
                    "usr": "s:9FalconSDK7FLErrorO"
                  },
                  {
                    "kind": "TypeNominal",
                    "name": "Metatype",
                    "printedName": "FalconSDK.FLError.Type",
                    "children": [
                      {
                        "kind": "TypeNominal",
                        "name": "FLError",
                        "printedName": "FalconSDK.FLError",
                        "usr": "s:9FalconSDK7FLErrorO"
                      }
                    ]
                  }
                ]
              }
            ],
            "declKind": "EnumElement",
            "usr": "s:9FalconSDK7FLErrorO19noTopViewControlleryA2CmF",
            "mangledName": "$s9FalconSDK7FLErrorO19noTopViewControlleryA2CmF",
            "moduleName": "FalconSDK"
          },
          {
            "kind": "Var",
            "name": "perksInitialization",
            "printedName": "perksInitialization",
            "children": [
              {
                "kind": "TypeFunc",
                "name": "Function",
                "printedName": "(FalconSDK.FLError.Type) -> FalconSDK.FLError",
                "children": [
                  {
                    "kind": "TypeNominal",
                    "name": "FLError",
                    "printedName": "FalconSDK.FLError",
                    "usr": "s:9FalconSDK7FLErrorO"
                  },
                  {
                    "kind": "TypeNominal",
                    "name": "Metatype",
                    "printedName": "FalconSDK.FLError.Type",
                    "children": [
                      {
                        "kind": "TypeNominal",
                        "name": "FLError",
                        "printedName": "FalconSDK.FLError",
                        "usr": "s:9FalconSDK7FLErrorO"
                      }
                    ]
                  }
                ]
              }
            ],
            "declKind": "EnumElement",
            "usr": "s:9FalconSDK7FLErrorO19perksInitializationyA2CmF",
            "mangledName": "$s9FalconSDK7FLErrorO19perksInitializationyA2CmF",
            "moduleName": "FalconSDK"
          },
          {
            "kind": "Var",
            "name": "perksShown",
            "printedName": "perksShown",
            "children": [
              {
                "kind": "TypeFunc",
                "name": "Function",
                "printedName": "(FalconSDK.FLError.Type) -> FalconSDK.FLError",
                "children": [
                  {
                    "kind": "TypeNominal",
                    "name": "FLError",
                    "printedName": "FalconSDK.FLError",
                    "usr": "s:9FalconSDK7FLErrorO"
                  },
                  {
                    "kind": "TypeNominal",
                    "name": "Metatype",
                    "printedName": "FalconSDK.FLError.Type",
                    "children": [
                      {
                        "kind": "TypeNominal",
                        "name": "FLError",
                        "printedName": "FalconSDK.FLError",
                        "usr": "s:9FalconSDK7FLErrorO"
                      }
                    ]
                  }
                ]
              }
            ],
            "declKind": "EnumElement",
            "usr": "s:9FalconSDK7FLErrorO10perksShownyA2CmF",
            "mangledName": "$s9FalconSDK7FLErrorO10perksShownyA2CmF",
            "moduleName": "FalconSDK"
          },
          {
            "kind": "Var",
            "name": "perksIsLoading",
            "printedName": "perksIsLoading",
            "children": [
              {
                "kind": "TypeFunc",
                "name": "Function",
                "printedName": "(FalconSDK.FLError.Type) -> FalconSDK.FLError",
                "children": [
                  {
                    "kind": "TypeNominal",
                    "name": "FLError",
                    "printedName": "FalconSDK.FLError",
                    "usr": "s:9FalconSDK7FLErrorO"
                  },
                  {
                    "kind": "TypeNominal",
                    "name": "Metatype",
                    "printedName": "FalconSDK.FLError.Type",
                    "children": [
                      {
                        "kind": "TypeNominal",
                        "name": "FLError",
                        "printedName": "FalconSDK.FLError",
                        "usr": "s:9FalconSDK7FLErrorO"
                      }
                    ]
                  }
                ]
              }
            ],
            "declKind": "EnumElement",
            "usr": "s:9FalconSDK7FLErrorO14perksIsLoadingyA2CmF",
            "mangledName": "$s9FalconSDK7FLErrorO14perksIsLoadingyA2CmF",
            "moduleName": "FalconSDK"
          },
          {
            "kind": "Var",
            "name": "perksNotReady",
            "printedName": "perksNotReady",
            "children": [
              {
                "kind": "TypeFunc",
                "name": "Function",
                "printedName": "(FalconSDK.FLError.Type) -> FalconSDK.FLError",
                "children": [
                  {
                    "kind": "TypeNominal",
                    "name": "FLError",
                    "printedName": "FalconSDK.FLError",
                    "usr": "s:9FalconSDK7FLErrorO"
                  },
                  {
                    "kind": "TypeNominal",
                    "name": "Metatype",
                    "printedName": "FalconSDK.FLError.Type",
                    "children": [
                      {
                        "kind": "TypeNominal",
                        "name": "FLError",
                        "printedName": "FalconSDK.FLError",
                        "usr": "s:9FalconSDK7FLErrorO"
                      }
                    ]
                  }
                ]
              }
            ],
            "declKind": "EnumElement",
            "usr": "s:9FalconSDK7FLErrorO13perksNotReadyyA2CmF",
            "mangledName": "$s9FalconSDK7FLErrorO13perksNotReadyyA2CmF",
            "moduleName": "FalconSDK"
          },
          {
            "kind": "Var",
            "name": "perksNotAvailable",
            "printedName": "perksNotAvailable",
            "children": [
              {
                "kind": "TypeFunc",
                "name": "Function",
                "printedName": "(FalconSDK.FLError.Type) -> FalconSDK.FLError",
                "children": [
                  {
                    "kind": "TypeNominal",
                    "name": "FLError",
                    "printedName": "FalconSDK.FLError",
                    "usr": "s:9FalconSDK7FLErrorO"
                  },
                  {
                    "kind": "TypeNominal",
                    "name": "Metatype",
                    "printedName": "FalconSDK.FLError.Type",
                    "children": [
                      {
                        "kind": "TypeNominal",
                        "name": "FLError",
                        "printedName": "FalconSDK.FLError",
                        "usr": "s:9FalconSDK7FLErrorO"
                      }
                    ]
                  }
                ]
              }
            ],
            "declKind": "EnumElement",
            "usr": "s:9FalconSDK7FLErrorO17perksNotAvailableyA2CmF",
            "mangledName": "$s9FalconSDK7FLErrorO17perksNotAvailableyA2CmF",
            "moduleName": "FalconSDK"
          },
          {
            "kind": "Var",
            "name": "errorDescription",
            "printedName": "errorDescription",
            "children": [
              {
                "kind": "TypeNominal",
                "name": "Optional",
                "printedName": "Swift.String?",
                "children": [
                  {
                    "kind": "TypeNominal",
                    "name": "String",
                    "printedName": "Swift.String",
                    "usr": "s:SS"
                  }
                ],
                "usr": "s:Sq"
              }
            ],
            "declKind": "Var",
            "usr": "s:9FalconSDK7FLErrorO16errorDescriptionSSSgvp",
            "mangledName": "$s9FalconSDK7FLErrorO16errorDescriptionSSSgvp",
            "moduleName": "FalconSDK",
            "declAttributes": [
              "AccessControl"
            ],
            "accessors": [
              {
                "kind": "Accessor",
                "name": "Get",
                "printedName": "Get()",
                "children": [
                  {
                    "kind": "TypeNominal",
                    "name": "Optional",
                    "printedName": "Swift.String?",
                    "children": [
                      {
                        "kind": "TypeNominal",
                        "name": "String",
                        "printedName": "Swift.String",
                        "usr": "s:SS"
                      }
                    ],
                    "usr": "s:Sq"
                  }
                ],
                "declKind": "Accessor",
                "usr": "s:9FalconSDK7FLErrorO16errorDescriptionSSSgvg",
                "mangledName": "$s9FalconSDK7FLErrorO16errorDescriptionSSSgvg",
                "moduleName": "FalconSDK",
                "accessorKind": "get"
              }
            ]
          },
          {
            "kind": "Function",
            "name": "==",
            "printedName": "==(_:_:)",
            "children": [
              {
                "kind": "TypeNominal",
                "name": "Bool",
                "printedName": "Swift.Bool",
                "usr": "s:Sb"
              },
              {
                "kind": "TypeNominal",
                "name": "FLError",
                "printedName": "FalconSDK.FLError",
                "usr": "s:9FalconSDK7FLErrorO"
              },
              {
                "kind": "TypeNominal",
                "name": "FLError",
                "printedName": "FalconSDK.FLError",
                "usr": "s:9FalconSDK7FLErrorO"
              }
            ],
            "declKind": "Func",
            "usr": "s:9FalconSDK7FLErrorO2eeoiySbAC_ACtFZ",
            "mangledName": "$s9FalconSDK7FLErrorO2eeoiySbAC_ACtFZ",
            "moduleName": "FalconSDK",
            "static": true,
            "implicit": true,
            "funcSelfKind": "NonMutating"
          },
          {
            "kind": "Var",
            "name": "hashValue",
            "printedName": "hashValue",
            "children": [
              {
                "kind": "TypeNominal",
                "name": "Int",
                "printedName": "Swift.Int",
                "usr": "s:Si"
              }
            ],
            "declKind": "Var",
            "usr": "s:9FalconSDK7FLErrorO9hashValueSivp",
            "mangledName": "$s9FalconSDK7FLErrorO9hashValueSivp",
            "moduleName": "FalconSDK",
            "implicit": true,
            "accessors": [
              {
                "kind": "Accessor",
                "name": "Get",
                "printedName": "Get()",
                "children": [
                  {
                    "kind": "TypeNominal",
                    "name": "Int",
                    "printedName": "Swift.Int",
                    "usr": "s:Si"
                  }
                ],
                "declKind": "Accessor",
                "usr": "s:9FalconSDK7FLErrorO9hashValueSivg",
                "mangledName": "$s9FalconSDK7FLErrorO9hashValueSivg",
                "moduleName": "FalconSDK",
                "implicit": true,
                "accessorKind": "get"
              }
            ]
          },
          {
            "kind": "Function",
            "name": "hash",
            "printedName": "hash(into:)",
            "children": [
              {
                "kind": "TypeNominal",
                "name": "Void",
                "printedName": "()"
              },
              {
                "kind": "TypeNominal",
                "name": "Hasher",
                "printedName": "Swift.Hasher",
                "paramValueOwnership": "InOut",
                "usr": "s:s6HasherV"
              }
            ],
            "declKind": "Func",
            "usr": "s:9FalconSDK7FLErrorO4hash4intoys6HasherVz_tF",
            "mangledName": "$s9FalconSDK7FLErrorO4hash4intoys6HasherVz_tF",
            "moduleName": "FalconSDK",
            "implicit": true,
            "funcSelfKind": "NonMutating"
          }
        ],
        "declKind": "Enum",
        "usr": "s:9FalconSDK7FLErrorO",
        "mangledName": "$s9FalconSDK7FLErrorO",
        "moduleName": "FalconSDK",
        "declAttributes": [
          "AccessControl"
        ],
        "conformances": [
          {
            "kind": "Conformance",
            "name": "Copyable",
            "printedName": "Copyable",
            "usr": "s:s8CopyableP",
            "mangledName": "$ss8CopyableP"
          },
          {
            "kind": "Conformance",
            "name": "Escapable",
            "printedName": "Escapable",
            "usr": "s:s9EscapableP",
            "mangledName": "$ss9EscapableP"
          },
          {
            "kind": "Conformance",
            "name": "Equatable",
            "printedName": "Equatable",
            "usr": "s:SQ",
            "mangledName": "$sSQ"
          },
          {
            "kind": "Conformance",
            "name": "Hashable",
            "printedName": "Hashable",
            "usr": "s:SH",
            "mangledName": "$sSH"
          },
          {
            "kind": "Conformance",
            "name": "LocalizedError",
            "printedName": "LocalizedError",
            "usr": "s:10Foundation14LocalizedErrorP",
            "mangledName": "$s10Foundation14LocalizedErrorP"
          },
          {
            "kind": "Conformance",
            "name": "Error",
            "printedName": "Error",
            "usr": "s:s5ErrorP",
            "mangledName": "$ss5ErrorP"
          },
          {
            "kind": "Conformance",
            "name": "Sendable",
            "printedName": "Sendable",
            "usr": "s:s8SendableP",
            "mangledName": "$ss8SendableP"
          }
        ]
      },
      {
        "kind": "TypeDecl",
        "name": "FLPerksDelegate",
        "printedName": "FLPerksDelegate",
        "children": [
          {
            "kind": "Function",
            "name": "didReadyChange",
            "printedName": "didReadyChange(isReady:)",
            "children": [
              {
                "kind": "TypeNominal",
                "name": "Void",
                "printedName": "()"
              },
              {
                "kind": "TypeNominal",
                "name": "Bool",
                "printedName": "Swift.Bool",
                "usr": "s:Sb"
              }
            ],
            "declKind": "Func",
            "usr": "s:9FalconSDK15FLPerksDelegateP14didReadyChange02isF0ySb_tF",
            "mangledName": "$s9FalconSDK15FLPerksDelegateP14didReadyChange02isF0ySb_tF",
            "moduleName": "FalconSDK",
            "genericSig": "<τ_0_0 where τ_0_0 : FalconSDK.FLPerksDelegate>",
            "sugared_genericSig": "<Self where Self : FalconSDK.FLPerksDelegate>",
            "protocolReq": true,
            "reqNewWitnessTableEntry": true,
            "funcSelfKind": "NonMutating"
          },
          {
            "kind": "Function",
            "name": "didClick",
            "printedName": "didClick(index:)",
            "children": [
              {
                "kind": "TypeNominal",
                "name": "Void",
                "printedName": "()"
              },
              {
                "kind": "TypeNominal",
                "name": "Int",
                "printedName": "Swift.Int",
                "usr": "s:Si"
              }
            ],
            "declKind": "Func",
            "usr": "s:9FalconSDK15FLPerksDelegateP8didClick5indexySi_tF",
            "mangledName": "$s9FalconSDK15FLPerksDelegateP8didClick5indexySi_tF",
            "moduleName": "FalconSDK",
            "genericSig": "<τ_0_0 where τ_0_0 : FalconSDK.FLPerksDelegate>",
            "sugared_genericSig": "<Self where Self : FalconSDK.FLPerksDelegate>",
            "protocolReq": true,
            "reqNewWitnessTableEntry": true,
            "funcSelfKind": "NonMutating"
          },
          {
            "kind": "Function",
            "name": "didOpen",
            "printedName": "didOpen()",
            "children": [
              {
                "kind": "TypeNominal",
                "name": "Void",
                "printedName": "()"
              }
            ],
            "declKind": "Func",
            "usr": "s:9FalconSDK15FLPerksDelegateP7didOpenyyF",
            "mangledName": "$s9FalconSDK15FLPerksDelegateP7didOpenyyF",
            "moduleName": "FalconSDK",
            "genericSig": "<τ_0_0 where τ_0_0 : FalconSDK.FLPerksDelegate>",
            "sugared_genericSig": "<Self where Self : FalconSDK.FLPerksDelegate>",
            "protocolReq": true,
            "reqNewWitnessTableEntry": true,
            "funcSelfKind": "NonMutating"
          },
          {
            "kind": "Function",
            "name": "didClose",
            "printedName": "didClose()",
            "children": [
              {
                "kind": "TypeNominal",
                "name": "Void",
                "printedName": "()"
              }
            ],
            "declKind": "Func",
            "usr": "s:9FalconSDK15FLPerksDelegateP8didCloseyyF",
            "mangledName": "$s9FalconSDK15FLPerksDelegateP8didCloseyyF",
            "moduleName": "FalconSDK",
            "genericSig": "<τ_0_0 where τ_0_0 : FalconSDK.FLPerksDelegate>",
            "sugared_genericSig": "<Self where Self : FalconSDK.FLPerksDelegate>",
            "protocolReq": true,
            "reqNewWitnessTableEntry": true,
            "funcSelfKind": "NonMutating"
          },
          {
            "kind": "Function",
            "name": "didReadyChange",
            "printedName": "didReadyChange(isReady:)",
            "children": [
              {
                "kind": "TypeNominal",
                "name": "Void",
                "printedName": "()"
              },
              {
                "kind": "TypeNominal",
                "name": "Bool",
                "printedName": "Swift.Bool",
                "usr": "s:Sb"
              }
            ],
            "declKind": "Func",
            "usr": "s:9FalconSDK15FLPerksDelegatePAAE14didReadyChange02isF0ySb_tF",
            "mangledName": "$s9FalconSDK15FLPerksDelegatePAAE14didReadyChange02isF0ySb_tF",
            "moduleName": "FalconSDK",
            "genericSig": "<τ_0_0 where τ_0_0 : FalconSDK.FLPerksDelegate>",
            "sugared_genericSig": "<Self where Self : FalconSDK.FLPerksDelegate>",
            "isFromExtension": true,
            "funcSelfKind": "NonMutating"
          },
          {
            "kind": "Function",
            "name": "didClick",
            "printedName": "didClick(index:)",
            "children": [
              {
                "kind": "TypeNominal",
                "name": "Void",
                "printedName": "()"
              },
              {
                "kind": "TypeNominal",
                "name": "Int",
                "printedName": "Swift.Int",
                "usr": "s:Si"
              }
            ],
            "declKind": "Func",
            "usr": "s:9FalconSDK15FLPerksDelegatePAAE8didClick5indexySi_tF",
            "mangledName": "$s9FalconSDK15FLPerksDelegatePAAE8didClick5indexySi_tF",
            "moduleName": "FalconSDK",
            "genericSig": "<τ_0_0 where τ_0_0 : FalconSDK.FLPerksDelegate>",
            "sugared_genericSig": "<Self where Self : FalconSDK.FLPerksDelegate>",
            "isFromExtension": true,
            "funcSelfKind": "NonMutating"
          },
          {
            "kind": "Function",
            "name": "didOpen",
            "printedName": "didOpen()",
            "children": [
              {
                "kind": "TypeNominal",
                "name": "Void",
                "printedName": "()"
              }
            ],
            "declKind": "Func",
            "usr": "s:9FalconSDK15FLPerksDelegatePAAE7didOpenyyF",
            "mangledName": "$s9FalconSDK15FLPerksDelegatePAAE7didOpenyyF",
            "moduleName": "FalconSDK",
            "genericSig": "<τ_0_0 where τ_0_0 : FalconSDK.FLPerksDelegate>",
            "sugared_genericSig": "<Self where Self : FalconSDK.FLPerksDelegate>",
            "isFromExtension": true,
            "funcSelfKind": "NonMutating"
          },
          {
            "kind": "Function",
            "name": "didClose",
            "printedName": "didClose()",
            "children": [
              {
                "kind": "TypeNominal",
                "name": "Void",
                "printedName": "()"
              }
            ],
            "declKind": "Func",
            "usr": "s:9FalconSDK15FLPerksDelegatePAAE8didCloseyyF",
            "mangledName": "$s9FalconSDK15FLPerksDelegatePAAE8didCloseyyF",
            "moduleName": "FalconSDK",
            "genericSig": "<τ_0_0 where τ_0_0 : FalconSDK.FLPerksDelegate>",
            "sugared_genericSig": "<Self where Self : FalconSDK.FLPerksDelegate>",
            "isFromExtension": true,
            "funcSelfKind": "NonMutating"
          }
        ],
        "declKind": "Protocol",
        "usr": "s:9FalconSDK15FLPerksDelegateP",
        "mangledName": "$s9FalconSDK15FLPerksDelegateP",
        "moduleName": "FalconSDK",
        "genericSig": "<τ_0_0 : AnyObject>",
        "sugared_genericSig": "<Self : AnyObject>",
        "declAttributes": [
          "AccessControl"
        ],
        "conformances": [
          {
            "kind": "Conformance",
            "name": "Escapable",
            "printedName": "Escapable",
            "usr": "s:s9EscapableP",
            "mangledName": "$ss9EscapableP"
          },
          {
            "kind": "Conformance",
            "name": "Copyable",
            "printedName": "Copyable",
            "usr": "s:s8CopyableP",
            "mangledName": "$ss8CopyableP"
          }
        ]
      },
      {
        "kind": "TypeDecl",
        "name": "FLPerks",
        "printedName": "FLPerks",
        "children": [
          {
            "kind": "Function",
            "name": "setDelegate",
            "printedName": "setDelegate(_:)",
            "children": [
              {
                "kind": "TypeNominal",
                "name": "Void",
                "printedName": "()"
              },
              {
                "kind": "TypeNominal",
                "name": "Optional",
                "printedName": "(any FalconSDK.FLPerksDelegate)?",
                "children": [
                  {
                    "kind": "TypeNominal",
                    "name": "FLPerksDelegate",
                    "printedName": "any FalconSDK.FLPerksDelegate",
                    "usr": "s:9FalconSDK15FLPerksDelegateP"
                  }
                ],
                "usr": "s:Sq"
              }
            ],
            "declKind": "Func",
            "usr": "s:9FalconSDK7FLPerksC11setDelegateyyAA0cE0_pSgF",
            "mangledName": "$s9FalconSDK7FLPerksC11setDelegateyyAA0cE0_pSgF",
            "moduleName": "FalconSDK",
            "declAttributes": [
              "AccessControl"
            ],
            "funcSelfKind": "NonMutating"
          },
          {
            "kind": "Function",
            "name": "destroy",
            "printedName": "destroy()",
            "children": [
              {
                "kind": "TypeNominal",
                "name": "Void",
                "printedName": "()"
              }
            ],
            "declKind": "Func",
            "usr": "s:9FalconSDK7FLPerksC7destroyyyF",
            "mangledName": "$s9FalconSDK7FLPerksC7destroyyyF",
            "moduleName": "FalconSDK",
            "declAttributes": [
              "AccessControl"
            ],
            "funcSelfKind": "NonMutating"
          },
          {
            "kind": "Function",
            "name": "isReady",
            "printedName": "isReady()",
            "children": [
              {
                "kind": "TypeNominal",
                "name": "Bool",
                "printedName": "Swift.Bool",
                "usr": "s:Sb"
              }
            ],
            "declKind": "Func",
            "usr": "s:9FalconSDK7FLPerksC7isReadySbyF",
            "mangledName": "$s9FalconSDK7FLPerksC7isReadySbyF",
            "moduleName": "FalconSDK",
            "declAttributes": [
              "AccessControl"
            ],
            "funcSelfKind": "NonMutating"
          },
          {
            "kind": "Function",
            "name": "loadPerks",
            "printedName": "loadPerks(completion:)",
            "children": [
              {
                "kind": "TypeNominal",
                "name": "Void",
                "printedName": "()"
              },
              {
                "kind": "TypeNominal",
                "name": "Optional",
                "printedName": "((Swift.Result<(), FalconSDK.FLError>) -> ())?",
                "children": [
                  {
                    "kind": "TypeFunc",
                    "name": "Function",
                    "printedName": "(Swift.Result<(), FalconSDK.FLError>) -> ()",
                    "children": [
                      {
                        "kind": "TypeNominal",
                        "name": "Void",
                        "printedName": "()"
                      },
                      {
                        "kind": "TypeNominal",
                        "name": "Result",
                        "printedName": "Swift.Result<(), FalconSDK.FLError>",
                        "children": [
                          {
                            "kind": "TypeNominal",
                            "name": "Void",
                            "printedName": "()"
                          },
                          {
                            "kind": "TypeNominal",
                            "name": "FLError",
                            "printedName": "FalconSDK.FLError",
                            "usr": "s:9FalconSDK7FLErrorO"
                          }
                        ],
                        "usr": "s:s6ResultO"
                      }
                    ]
                  }
                ],
                "hasDefaultArg": true,
                "usr": "s:Sq"
              }
            ],
            "declKind": "Func",
            "usr": "s:9FalconSDK7FLPerksC9loadPerks10completionyys6ResultOyytAA7FLErrorOGcSg_tF",
            "mangledName": "$s9FalconSDK7FLPerksC9loadPerks10completionyys6ResultOyytAA7FLErrorOGcSg_tF",
            "moduleName": "FalconSDK",
            "declAttributes": [
              "AccessControl"
            ],
            "funcSelfKind": "NonMutating"
          },
          {
            "kind": "Function",
            "name": "show",
            "printedName": "show(completion:)",
            "children": [
              {
                "kind": "TypeNominal",
                "name": "Void",
                "printedName": "()"
              },
              {
                "kind": "TypeNominal",
                "name": "Optional",
                "printedName": "((Swift.Result<(), FalconSDK.FLError>) -> ())?",
                "children": [
                  {
                    "kind": "TypeFunc",
                    "name": "Function",
                    "printedName": "(Swift.Result<(), FalconSDK.FLError>) -> ()",
                    "children": [
                      {
                        "kind": "TypeNominal",
                        "name": "Void",
                        "printedName": "()"
                      },
                      {
                        "kind": "TypeNominal",
                        "name": "Result",
                        "printedName": "Swift.Result<(), FalconSDK.FLError>",
                        "children": [
                          {
                            "kind": "TypeNominal",
                            "name": "Void",
                            "printedName": "()"
                          },
                          {
                            "kind": "TypeNominal",
                            "name": "FLError",
                            "printedName": "FalconSDK.FLError",
                            "usr": "s:9FalconSDK7FLErrorO"
                          }
                        ],
                        "usr": "s:s6ResultO"
                      }
                    ]
                  }
                ],
                "hasDefaultArg": true,
                "usr": "s:Sq"
              }
            ],
            "declKind": "Func",
            "usr": "s:9FalconSDK7FLPerksC4show10completionyys6ResultOyytAA7FLErrorOGcSg_tF",
            "mangledName": "$s9FalconSDK7FLPerksC4show10completionyys6ResultOyytAA7FLErrorOGcSg_tF",
            "moduleName": "FalconSDK",
            "declAttributes": [
              "AccessControl"
            ],
            "funcSelfKind": "NonMutating"
          },
          {
            "kind": "Function",
            "name": "show",
            "printedName": "show(with:completion:)",
            "children": [
              {
                "kind": "TypeNominal",
                "name": "Void",
                "printedName": "()"
              },
              {
                "kind": "TypeNominal",
                "name": "UIViewController",
                "printedName": "UIKit.UIViewController",
                "usr": "c:objc(cs)UIViewController"
              },
              {
                "kind": "TypeNominal",
                "name": "Optional",
                "printedName": "((Swift.Result<(), FalconSDK.FLError>) -> ())?",
                "children": [
                  {
                    "kind": "TypeFunc",
                    "name": "Function",
                    "printedName": "(Swift.Result<(), FalconSDK.FLError>) -> ()",
                    "children": [
                      {
                        "kind": "TypeNominal",
                        "name": "Void",
                        "printedName": "()"
                      },
                      {
                        "kind": "TypeNominal",
                        "name": "Result",
                        "printedName": "Swift.Result<(), FalconSDK.FLError>",
                        "children": [
                          {
                            "kind": "TypeNominal",
                            "name": "Void",
                            "printedName": "()"
                          },
                          {
                            "kind": "TypeNominal",
                            "name": "FLError",
                            "printedName": "FalconSDK.FLError",
                            "usr": "s:9FalconSDK7FLErrorO"
                          }
                        ],
                        "usr": "s:s6ResultO"
                      }
                    ]
                  }
                ],
                "hasDefaultArg": true,
                "usr": "s:Sq"
              }
            ],
            "declKind": "Func",
            "usr": "s:9FalconSDK7FLPerksC4show4with10completionySo16UIViewControllerC_ys6ResultOyytAA7FLErrorOGcSgtF",
            "mangledName": "$s9FalconSDK7FLPerksC4show4with10completionySo16UIViewControllerC_ys6ResultOyytAA7FLErrorOGcSgtF",
            "moduleName": "FalconSDK",
            "declAttributes": [
              "AccessControl"
            ],
            "funcSelfKind": "NonMutating"
          },
          {
            "kind": "Function",
            "name": "hide",
            "printedName": "hide()",
            "children": [
              {
                "kind": "TypeNominal",
                "name": "Void",
                "printedName": "()"
              }
            ],
            "declKind": "Func",
            "usr": "s:9FalconSDK7FLPerksC4hideyyF",
            "mangledName": "$s9FalconSDK7FLPerksC4hideyyF",
            "moduleName": "FalconSDK",
            "declAttributes": [
              "AccessControl"
            ],
            "funcSelfKind": "NonMutating"
          }
        ],
        "declKind": "Class",
        "usr": "s:9FalconSDK7FLPerksC",
        "mangledName": "$s9FalconSDK7FLPerksC",
        "moduleName": "FalconSDK",
        "declAttributes": [
          "AccessControl"
        ],
        "hasMissingDesignatedInitializers": true,
        "conformances": [
          {
            "kind": "Conformance",
            "name": "Copyable",
            "printedName": "Copyable",
            "usr": "s:s8CopyableP",
            "mangledName": "$ss8CopyableP"
          },
          {
            "kind": "Conformance",
            "name": "Escapable",
            "printedName": "Escapable",
            "usr": "s:s9EscapableP",
            "mangledName": "$ss9EscapableP"
          }
        ]
      },
      {
        "kind": "TypeDecl",
        "name": "FLSdk",
        "printedName": "FLSdk",
        "children": [
          {
            "kind": "Function",
            "name": "initSDK",
            "printedName": "initSDK(key:completion:)",
            "children": [
              {
                "kind": "TypeNominal",
                "name": "Void",
                "printedName": "()"
              },
              {
                "kind": "TypeNominal",
                "name": "String",
                "printedName": "Swift.String",
                "usr": "s:SS"
              },
              {
                "kind": "TypeFunc",
                "name": "Function",
                "printedName": "(Swift.Result<(), FalconSDK.FLError>) -> ()",
                "children": [
                  {
                    "kind": "TypeNominal",
                    "name": "Void",
                    "printedName": "()"
                  },
                  {
                    "kind": "TypeNominal",
                    "name": "Result",
                    "printedName": "Swift.Result<(), FalconSDK.FLError>",
                    "children": [
                      {
                        "kind": "TypeNominal",
                        "name": "Void",
                        "printedName": "()"
                      },
                      {
                        "kind": "TypeNominal",
                        "name": "FLError",
                        "printedName": "FalconSDK.FLError",
                        "usr": "s:9FalconSDK7FLErrorO"
                      }
                    ],
                    "usr": "s:s6ResultO"
                  }
                ]
              }
            ],
            "declKind": "Func",
            "usr": "s:9FalconSDK5FLSdkC04initB03key10completionySS_ys6ResultOyytAA7FLErrorOGctFZ",
            "mangledName": "$s9FalconSDK5FLSdkC04initB03key10completionySS_ys6ResultOyytAA7FLErrorOGctFZ",
            "moduleName": "FalconSDK",
            "static": true,
            "declAttributes": [
              "Final",
              "AccessControl"
            ],
            "funcSelfKind": "NonMutating"
          },
          {
            "kind": "Function",
            "name": "createPerksInstance",
            "printedName": "createPerksInstance(placement:)",
            "children": [
              {
                "kind": "TypeNominal",
                "name": "FLPerks",
                "printedName": "FalconSDK.FLPerks",
                "usr": "s:9FalconSDK7FLPerksC"
              },
              {
                "kind": "TypeNominal",
                "name": "String",
                "printedName": "Swift.String",
                "usr": "s:SS"
              }
            ],
            "declKind": "Func",
            "usr": "s:9FalconSDK5FLSdkC19createPerksInstance9placementAA7FLPerksCSS_tKFZ",
            "mangledName": "$s9FalconSDK5FLSdkC19createPerksInstance9placementAA7FLPerksCSS_tKFZ",
            "moduleName": "FalconSDK",
            "static": true,
            "declAttributes": [
              "Final",
              "AccessControl"
            ],
            "throwing": true,
            "funcSelfKind": "NonMutating"
          }
        ],
        "declKind": "Class",
        "usr": "s:9FalconSDK5FLSdkC",
        "mangledName": "$s9FalconSDK5FLSdkC",
        "moduleName": "FalconSDK",
        "declAttributes": [
          "AccessControl"
        ],
        "hasMissingDesignatedInitializers": true,
        "conformances": [
          {
            "kind": "Conformance",
            "name": "Copyable",
            "printedName": "Copyable",
            "usr": "s:s8CopyableP",
            "mangledName": "$ss8CopyableP"
          },
          {
            "kind": "Conformance",
            "name": "Escapable",
            "printedName": "Escapable",
            "usr": "s:s9EscapableP",
            "mangledName": "$ss9EscapableP"
          }
        ]
      }
    ],
    "json_format_version": 8
  },
  "ConstValues": [
    {
      "filePath": "\/Users\/ruslangoldin\/dev\/FalconSDK\/FalconSDK\/FalconSDK.swift",
      "kind": "StringLiteral",
      "offset": 87,
      "length": 25,
      "value": "\"us.falconlabs.FalconSDK\""
    },
    {
      "filePath": "\/Users\/ruslangoldin\/dev\/FalconSDK\/FalconSDK\/FalconSDK.swift",
      "kind": "StringLiteral",
      "offset": 124,
      "length": 11,
      "value": "\"FalconSDK\""
    },
    {
      "filePath": "\/Users\/ruslangoldin\/dev\/FalconSDK\/FalconSDK\/FalconSDK.swift",
      "kind": "StringLiteral",
      "offset": 4852,
      "length": 19,
      "value": "\"iosNativeListener\""
    },
    {
      "filePath": "\/Users\/ruslangoldin\/dev\/FalconSDK\/FalconSDK\/FalconSDK.swift",
      "kind": "Dictionary",
      "offset": 5019,
      "length": 3,
      "value": "[]"
    },
    {
      "filePath": "\/Users\/ruslangoldin\/dev\/FalconSDK\/FalconSDK\/FalconSDK.swift",
      "kind": "IntegerLiteral",
      "offset": 5055,
      "length": 1,
      "value": "0"
    },
    {
      "filePath": "\/Users\/ruslangoldin\/dev\/FalconSDK\/FalconSDK\/FalconSDK.swift",
      "kind": "BooleanLiteral",
      "offset": 15948,
      "length": 5,
      "value": "false"
    },
    {
      "filePath": "\/Users\/ruslangoldin\/dev\/FalconSDK\/FalconSDK\/FalconSDK.swift",
      "kind": "BooleanLiteral",
      "offset": 15988,
      "length": 5,
      "value": "false"
    },
    {
      "filePath": "\/Users\/ruslangoldin\/dev\/FalconSDK\/FalconSDK\/FalconSDK.swift",
      "kind": "BooleanLiteral",
      "offset": 16028,
      "length": 5,
      "value": "false"
    },
    {
      "filePath": "\/Users\/ruslangoldin\/dev\/FalconSDK\/FalconSDK\/FalconSDK.swift",
      "kind": "BooleanLiteral",
      "offset": 16072,
      "length": 5,
      "value": "false"
    },
    {
      "filePath": "\/Users\/ruslangoldin\/dev\/FalconSDK\/FalconSDK\/FalconSDK.swift",
      "kind": "BooleanLiteral",
      "offset": 16312,
      "length": 5,
      "value": "false"
    }
  ]
}